,feature,mean_abs_shap,optimal_value_range
0,author_fans,0.20849534373372866,320006.9–480006.8
1,video_duration,0.07830693739417073,33.0–36.0
2,word_count,0.026930897705450707,2.6–7.1
3,isAd,0.028943703038202487,-0.0–0.0
4,hour_posting,0.04575736541534285,9.9–10.1
