isAd,mean_shap_value
0.0,0.011290101361565011
1.0,-0.6815671280945083
